{"cameraMode":{"drawMode":0,"name":"Shaded","section":"Shading Mode"},"sceneLighting":false,"audioPlay":false,"sceneViewState":{"m_AlwaysRefresh":false,"showFog":true,"showSkybox":false,"showFlares":true,"showImageEffects":true,"showParticleSystems":true,"showVisualEffectGraphs":true,"m_FxEnabled":true},"in2DMode":false,"pivot":{"x":0.06336748600006104,"y":1.5972886085510255,"z":-0.06290483474731446},"rotation":{"x":-0.28692930936813357,"y":-0.1529257893562317,"z":0.04643532261252403,"w":-0.9445585608482361},"size":2.0387625694274904,"orthographic":false}