{"cameraMode":{"drawMode":0,"name":"Shaded","section":"Shading Mode"},"sceneLighting":false,"audioPlay":false,"sceneViewState":{"m_AlwaysRefresh":false,"showFog":true,"showSkybox":false,"showFlares":true,"showImageEffects":true,"showParticleSystems":true,"showVisualEffectGraphs":true,"m_FxEnabled":true},"in2DMode":false,"pivot":{"x":6.4083428382873539,"y":0.5419895648956299,"z":-0.42656803131103518},"rotation":{"x":-0.040434278547763827,"y":-0.9500001668930054,"z":0.13863590359687806,"w":-0.2770790755748749},"size":1.294405221939087,"orthographic":false}