{"cameraMode":{"drawMode":0,"name":"Shaded","section":"Shading Mode"},"sceneLighting":false,"audioPlay":false,"sceneViewState":{"m_AlwaysRefresh":false,"showFog":true,"showSkybox":false,"showFlares":true,"showImageEffects":true,"showParticleSystems":true,"showVisualEffectGraphs":true,"m_FxEnabled":true},"in2DMode":false,"pivot":{"x":0.46244680881500246,"y":0.7892541289329529,"z":0.070693738758564},"rotation":{"x":0.04627742990851402,"y":-0.6909216642379761,"z":0.044451892375946048,"w":0.7201458811759949},"size":0.7667044401168823,"orthographic":false}