{"cameraMode":{"drawMode":0,"name":"Shaded","section":"Shading Mode"},"sceneLighting":false,"audioPlay":false,"sceneViewState":{"m_AlwaysRefresh":false,"showFog":true,"showSkybox":false,"showFlares":true,"showImageEffects":true,"showParticleSystems":true,"showVisualEffectGraphs":true,"m_FxEnabled":true},"in2DMode":false,"pivot":{"x":-0.006498902104794979,"y":0.34009799361228945,"z":0.4609047472476959},"rotation":{"x":0.03240572661161423,"y":-0.011986082419753075,"z":0.0002135253162123263,"w":0.9994711875915527},"size":1.1966737508773804,"orthographic":false}