{"cameraMode":{"drawMode":0,"name":"Shaded","section":"Shading Mode"},"sceneLighting":false,"audioPlay":false,"sceneViewState":{"m_AlwaysRefresh":false,"showFog":true,"showSkybox":false,"showFlares":true,"showImageEffects":true,"showParticleSystems":true,"showVisualEffectGraphs":true,"m_FxEnabled":true},"in2DMode":false,"pivot":{"x":0.002646327018737793,"y":0.00041985511779785156,"z":0.01863814890384674},"rotation":{"x":0.23922251164913178,"y":0.22332359850406648,"z":-0.0568234957754612,"w":0.9432926177978516},"size":0.5526675581932068,"orthographic":false}