{"cameraMode":{"drawMode":0,"name":"Shaded","section":"Shading Mode"},"sceneLighting":false,"audioPlay":false,"sceneViewState":{"m_AlwaysRefresh":false,"showFog":true,"showSkybox":false,"showFlares":true,"showImageEffects":true,"showParticleSystems":true,"showVisualEffectGraphs":true,"m_FxEnabled":true},"in2DMode":false,"pivot":{"x":-0.08922597765922547,"y":-0.014714717864990235,"z":0.01759023219347},"rotation":{"x":0.23922251164913178,"y":0.22332359850406648,"z":-0.0568234957754612,"w":0.9432926177978516},"size":0.7477301359176636,"orthographic":false}