{"cameraMode":{"drawMode":0,"name":"Shaded","section":"Shading Mode"},"sceneLighting":false,"audioPlay":false,"sceneViewState":{"m_AlwaysRefresh":false,"showFog":true,"showSkybox":false,"showFlares":true,"showImageEffects":true,"showParticleSystems":true,"showVisualEffectGraphs":true,"m_FxEnabled":true},"in2DMode":false,"pivot":{"x":-0.07999742031097412,"y":0.5160353779792786,"z":-4.233214378356934},"rotation":{"x":-0.0006035565165802836,"y":-0.9991646409034729,"z":0.03989824652671814,"w":-0.01527563575655222},"size":3.4574995040893556,"orthographic":false}