{"cameraMode":{"drawMode":0,"name":"Shaded","section":"Shading Mode"},"sceneLighting":true,"audioPlay":false,"sceneViewState":{"m_AlwaysRefresh":false,"showFog":true,"showSkybox":true,"showFlares":true,"showImageEffects":true,"showParticleSystems":true,"showVisualEffectGraphs":true,"m_FxEnabled":true},"in2DMode":false,"pivot":{"x":-3.4695839881896974,"y":8.147350311279297,"z":-15.640046119689942},"rotation":{"x":0.13582846522331239,"y":-0.1969604790210724,"z":0.026981893926858903,"w":0.9707155227661133},"size":6.5328240394592289,"orthographic":false}