{"cameraMode":{"drawMode":0,"name":"Shaded","section":"Shading Mode"},"sceneLighting":true,"audioPlay":false,"sceneViewState":{"m_AlwaysRefresh":false,"showFog":true,"showSkybox":true,"showFlares":true,"showImageEffects":true,"showParticleSystems":true,"showVisualEffectGraphs":true,"m_FxEnabled":true},"in2DMode":false,"pivot":{"x":5.185095310211182,"y":1.897280216217041,"z":0.08419395983219147},"rotation":{"x":0.006959057413041592,"y":-0.9922719597816467,"z":0.10578705370426178,"w":0.06529600918292999},"size":0.08278193324804306,"orthographic":false}