{"cameraMode":{"drawMode":0,"name":"Shaded","section":"Shading Mode"},"sceneLighting":true,"audioPlay":false,"sceneViewState":{"m_AlwaysRefresh":false,"showFog":true,"showSkybox":true,"showFlares":true,"showImageEffects":true,"showParticleSystems":true,"showVisualEffectGraphs":true,"m_FxEnabled":true},"in2DMode":false,"pivot":{"x":14.909955024719239,"y":12.702385902404786,"z":-30.731170654296876},"rotation":{"x":0.04646820202469826,"y":-0.3661378026008606,"z":0.017895199358463289,"w":0.9293254017829895},"size":10.722688674926758,"orthographic":false}