{"cameraMode":{"drawMode":0,"name":"Shaded","section":"Shading Mode"},"sceneLighting":false,"audioPlay":false,"sceneViewState":{"m_AlwaysRefresh":false,"showFog":true,"showSkybox":false,"showFlares":true,"showImageEffects":true,"showParticleSystems":true,"showVisualEffectGraphs":true,"m_FxEnabled":true},"in2DMode":false,"pivot":{"x":0.22128814458847047,"y":0.5345807671546936,"z":-1.175676703453064},"rotation":{"x":-0.011123276315629483,"y":-0.987655758857727,"z":0.13355198502540589,"w":-0.08194927126169205},"size":2.0192458629608156,"orthographic":false}